<?xml version="1.0" encoding="UTF-8" ?>
<!DOCTYPE mapper
        PUBLIC "-//mybatis.org//DTD Mapper 3.0//EN"
        "http://mybatis.org/dtd/mybatis-3-mapper.dtd">

<mapper namespace="com.example.demo.domain.admin.mapper.AdminOrderMapper">

    <!-- 주문 + 아이템 정보 -->
    <resultMap id="orderWithItemsResultMap" type="com.example.demo.domain.admin.dto.AdminOrderResponse">
        <id property="orderId" column="ORDER_ID"/>
        <result property="email" column="EMAIL"/>
        <result property="receiverName" column="RECEIVER_NAME"/>
        <result property="receiverPhone" column="RECEIVER_PHONE"/>
        <result property="receiverAddress" column="RECEIVER_ADDRESS"/>
        <result property="status" column="STATUS"/>

        <collection property="orderItems" ofType="com.example.demo.domain.admin.dto.AdminOrderItemDTO">
            <id property="productId" column="PRODUCT_ID"/>
            <result property="name" column="NAME"/>
            <result property="quantity" column="QUANTITY"/>
        </collection>
    </resultMap>

    <!-- 전체 주문 + 상품 목록 조회 -->
    <select id="findAllOrdersWithItems" resultMap="orderWithItemsResultMap">
        SELECT
            o.ORDER_ID,
            m.EMAIL,
            o.RECEIVER_NAME,
            o.RECEIVER_PHONE,
            o.RECEIVER_ADDRESS,
            o.STATUS,

            p.PRODUCT_ID,
            p.NAME,
            oi.QUANTITY
        FROM ORDERS o
                 JOIN MEMBER m ON o.MEMBER_ID = m.MEMBER_ID
                 JOIN ORDER_ITEM oi ON o.ORDER_ID = oi.ORDER_ID
                 JOIN PRODUCT p ON oi.PRODUCT_ID = p.PRODUCT_ID
        ORDER BY o.ORDER_DATE DESC, o.ORDER_ID DESC
    </select>

    <!-- 주문 상태 수정 -->
    <update id="updateOrderStatus">
        UPDATE ORDERS
        SET STATUS = #{status}
        WHERE ORDER_ID = #{orderId}
    </update>

</mapper>
